0,99,97,98,97,97,97,97,99,103,103,104,103,102,102,101,100,106,107,108,108,107,106,104,102,107,110,111,110,110,110,105,105,107,109,111,110,110,110,110,103,103,105,108,108,107,106,106,103,98,100,102,103,103,103,101,101,88,91,92,95,97,97,98,101
1,100,98,99,98,98,98,98,100,104,104,105,104,103,103,102,101,107,108,109,109,108,107,105,103,108,111,112,111,111,111,106,106,108,110,112,111,111,111,111,104,104,106,109,109,108,107,107,104,99,101,103,104,104,104,102,102,89,92,93,96,98,98,99,102
2,100,98,99,98,98,98,99,100,104,104,105,104,104,104,102,102,107,108,110,110,108,107,106,104,109,111,112,111,111,111,106,106,108,110,112,111,111,111,111,104,104,107,109,109,108,108,108,104,99,101,104,104,104,104,103,103,90,92,94,96,98,98,100,102
3,101,99,100,99,98,98,100,100,104,104,106,105,104,104,102,102,107,108,110,110,108,108,106,104,109,111,113,111,111,111,107,107,108,110,112,112,111,111,111,104,104,107,109,110,108,108,108,105,99,102,104,104,104,104,103,103,90,93,94,96,98,99,100,103
4,101,99,100,100,99,99,100,101,105,105,106,106,105,104,103,102,108,109,110,110,109,108,107,105,110,112,113,112,112,112,107,107,109,110,113,112,112,111,111,105,105,107,110,110,109,108,108,106,100,102,105,105,105,105,104,104,90,93,95,97,98,99,101,103
5,102,100,101,100,99,100,101,101,105,105,107,106,105,105,103,103,108,109,111,111,109,109,107,106,110,112,113,112,112,112,107,107,109,111,113,112,112,112,112,105,105,107,110,110,109,109,109,106,100,103,105,105,105,105,104,104,91,94,95,98,99,100,101,103
6,102,100,101,101,100,101,101,102,106,106,107,107,106,105,104,104,108,110,111,111,110,109,107,106,111,112,114,112,113,113,108,108,110,111,114,113,112,112,112,106,106,108,111,111,109,109,109,107,101,103,106,106,106,106,104,104,92,94,96,98,99,100,102,104
7,103,101,102,101,101,101,102,102,106,106,107,107,106,106,104,104,109,110,111,111,110,110,108,107,111,113,114,113,113,113,108,108,110,112,114,113,113,112,112,106,106,108,111,111,110,110,110,107,101,104,106,107,106,106,105,105,92,95,97,99,100,101,102,104
8,103,101,102,102,101,102,102,103,107,107,108,108,107,106,104,104,109,110,112,112,110,110,108,107,111,113,115,113,113,113,108,108,111,112,115,114,113,113,113,107,107,108,111,111,110,110,110,107,102,104,107,107,107,107,105,106,93,95,97,99,100,101,102,105
9,104,102,103,102,102,102,103,103,107,107,108,108,107,107,105,105,110,111,112,112,111,111,109,108,112,114,115,114,114,114,109,109,111,112,115,114,114,113,113,107,107,109,112,112,111,110,110,108,102,104,107,107,107,107,106,107,93,96,98,100,101,102,103,105
10,104,102,103,103,103,103,103,104,108,108,109,109,108,107,106,106,110,111,113,113,111,111,109,108,112,114,115,114,114,114,109,109,111,113,115,115,114,114,114,108,108,109,112,112,111,111,111,108,102,105,107,108,107,107,107,107,94,96,98,100,101,102,103,106
11,105,103,104,103,103,104,104,104,108,108,109,109,108,108,106,106,111,112,113,113,112,111,110,108,113,114,116,114,115,115,110,110,112,113,116,115,114,114,114,108,108,109,112,112,111,111,111,109,103,105,108,108,108,108,107,108,95,97,99,101,102,103,104,106
12,105,104,104,104,104,104,104,105,109,109,110,110,109,108,107,107,111,112,113,113,112,112,110,109,113,115,116,115,115,115,110,110,112,114,116,115,115,114,114,108,108,110,113,113,112,112,112,109,103,106,108,108,108,108,108,108,95,98,99,101,102,103,104,107
13,106,104,105,104,104,105,105,105,109,109,110,110,109,109,107,107,111,112,114,114,113,112,111,109,113,115,116,115,115,115,111,111,112,114,116,116,115,115,115,109,109,110,113,113,112,112,112,109,104,106,109,109,109,109,108,108,96,98,100,102,103,104,105,107
14,106,105,105,105,105,105,105,106,109,110,111,110,110,109,108,108,112,113,114,114,113,113,111,110,114,115,117,116,116,116,111,111,113,114,117,116,116,115,115,109,109,111,114,113,113,112,112,110,104,107,109,109,109,109,108,109,97,99,101,102,103,104,105,108
15,107,105,106,106,106,106,106,107,110,110,111,111,110,110,108,108,112,113,115,115,114,113,112,110,114,116,117,116,116,116,112,112,113,115,117,116,116,116,116,110,110,111,114,114,113,113,113,110,105,107,110,110,110,110,109,109,97,99,101,103,104,105,106,108
16,107,106,107,106,106,106,106,107,110,110,112,111,111,110,109,109,113,114,115,115,114,114,112,111,114,116,117,116,117,117,112,112,114,115,117,117,116,116,116,110,110,111,114,114,113,113,113,111,105,108,110,110,110,110,109,110,98,100,102,103,104,105,106,108
17,108,106,107,107,107,107,107,108,111,111,112,112,111,111,110,109,113,114,115,115,115,114,112,111,115,117,118,117,117,117,113,113,114,116,118,117,117,116,116,111,111,112,115,115,114,114,114,111,106,108,110,111,110,110,110,110,99,101,102,104,105,106,107,109
18,108,107,108,107,107,108,108,108,111,111,112,112,112,111,110,110,113,115,116,116,115,114,113,111,115,117,118,117,117,117,113,113,115,116,118,117,117,117,117,111,111,112,115,115,114,114,114,111,106,109,111,111,111,111,110,110,99,101,103,104,105,107,107,109
19,109,107,108,108,108,108,108,109,112,112,113,113,112,112,111,110,114,115,116,116,115,115,113,112,116,117,118,118,118,118,114,114,115,116,118,118,118,117,117,111,111,113,115,115,115,115,115,112,107,109,111,111,111,111,111,111,100,102,103,105,106,107,108,110
20,109,108,109,109,108,109,109,109,112,112,113,113,113,112,111,111,114,115,117,117,116,115,114,112,116,118,119,118,118,118,114,114,116,117,119,118,118,117,117,112,112,113,116,116,115,115,115,112,107,110,112,112,112,112,111,111,101,102,104,105,107,107,108,110
21,109,108,110,109,109,109,109,110,112,112,114,114,113,113,112,111,115,116,117,117,116,116,114,113,116,118,119,118,119,119,115,115,116,117,119,119,118,118,118,112,112,113,116,116,116,115,115,113,108,110,112,112,112,112,112,112,101,103,104,106,107,108,109,111
22,110,109,110,110,110,110,110,110,113,113,114,114,114,113,112,112,115,116,117,117,117,116,115,113,117,118,119,119,119,119,115,115,116,117,119,119,119,118,118,113,113,114,117,117,116,116,116,113,108,110,113,113,113,113,112,112,102,103,105,107,107,108,109,111
23,110,109,111,110,110,111,110,111,113,113,115,115,114,114,113,112,115,117,118,118,117,117,115,114,117,119,120,119,119,119,116,116,117,118,120,119,119,119,119,113,113,114,117,117,116,116,116,114,109,111,113,113,113,113,113,113,102,104,105,107,108,109,110,112
24,111,110,111,111,111,111,111,111,114,114,115,115,115,114,113,113,116,117,118,118,117,117,116,114,118,119,120,119,120,120,116,116,117,118,120,120,119,119,119,114,114,115,117,117,117,117,117,114,109,111,113,114,114,114,113,113,103,104,106,108,108,109,110,112
25,111,110,112,111,111,112,111,112,114,114,116,116,115,115,114,113,116,117,119,119,118,118,116,115,118,119,121,120,120,120,116,116,117,119,120,120,120,120,120,114,114,115,118,118,117,117,117,115,110,112,114,114,114,114,114,114,103,105,107,108,109,110,111,113
26,112,111,112,112,112,112,112,112,115,115,116,116,116,116,114,114,117,118,119,119,118,118,117,116,118,120,121,120,120,120,117,117,118,119,121,120,120,120,120,114,114,116,118,118,117,117,117,115,110,112,114,115,114,115,114,114,104,106,107,109,109,110,111,113
27,112,112,113,113,112,113,112,113,115,115,117,117,116,116,115,114,117,118,119,119,119,119,117,116,119,120,121,121,121,121,117,117,118,119,121,121,121,120,120,115,115,116,118,119,118,118,118,116,111,113,115,115,115,115,115,115,105,106,108,109,110,111,112,114
28,113,112,113,113,113,113,113,113,115,116,117,117,117,116,115,115,117,118,120,120,119,119,118,116,119,120,122,121,121,121,118,118,119,120,122,121,121,121,121,115,115,116,119,119,118,118,118,116,111,113,115,115,115,115,115,115,105,107,108,110,110,111,112,114
29,113,113,114,114,114,114,114,114,116,116,118,118,117,117,116,115,118,119,120,120,120,120,118,117,119,121,122,121,122,122,118,118,119,120,122,122,121,121,121,116,116,117,119,119,119,119,119,117,112,114,116,116,116,116,115,116,106,107,109,110,111,112,112,114
30,114,113,114,114,114,114,114,114,116,117,118,118,118,117,116,116,118,119,121,121,120,120,119,117,120,121,122,122,122,122,119,119,119,120,122,122,122,121,121,116,116,117,120,120,119,119,119,117,112,114,116,116,116,116,116,116,106,108,109,111,111,112,113,115
31,114,114,115,115,115,115,115,115,117,117,119,119,118,118,117,116,119,120,121,121,121,120,119,118,120,122,123,122,122,122,119,119,120,121,123,122,122,122,122,117,117,118,120,120,120,120,120,117,112,115,117,117,117,117,116,116,107,108,110,111,112,113,113,115
32,115,114,115,115,115,115,115,115,117,118,119,119,119,118,117,117,119,120,121,121,121,121,120,118,121,122,123,123,123,123,120,120,120,121,123,123,122,122,122,117,117,118,120,121,120,120,120,118,113,115,117,117,117,117,117,117,108,109,110,112,112,113,114,116
33,115,115,116,116,116,116,116,116,118,118,120,120,119,119,118,117,120,121,122,122,121,121,120,119,121,122,124,123,123,123,120,120,121,122,123,123,123,123,123,117,117,119,121,121,120,120,120,118,113,116,117,118,118,118,117,117,108,110,111,112,113,114,114,116
34,116,115,117,116,116,116,116,116,118,119,120,120,120,119,118,118,120,121,122,122,122,122,121,119,121,123,124,123,124,124,120,120,121,122,124,124,123,123,123,118,118,119,121,121,121,121,121,119,114,116,118,118,118,118,118,118,109,110,112,113,114,115,115,117
35,116,116,117,117,117,117,117,117,118,119,120,121,120,120,119,118,120,121,123,123,122,122,121,120,122,123,124,124,124,124,121,121,121,122,124,124,124,123,123,118,118,119,122,122,121,121,121,119,115,117,118,119,118,119,118,118,109,111,112,113,114,115,115,117
36,116,116,118,118,117,117,117,117,119,119,121,121,121,121,119,119,121,122,123,123,123,123,122,120,122,124,125,124,124,124,121,121,122,123,125,124,124,124,124,119,119,120,122,122,122,122,122,120,115,117,119,119,119,119,119,119,110,111,113,114,115,116,116,118
37,117,117,118,118,118,118,118,118,119,120,121,122,121,121,120,119,121,122,123,123,123,123,122,121,123,124,125,125,125,125,122,122,122,123,125,125,125,124,124,119,119,120,123,123,122,122,122,120,116,118,119,119,119,119,119,119,111,112,113,115,115,116,116,118
38,117,117,119,119,118,119,119,118,120,120,122,122,122,122,120,120,122,123,124,124,124,124,122,121,123,124,126,125,125,125,122,122,123,124,126,125,125,125,125,120,120,121,123,123,122,122,122,121,116,118,120,120,120,120,120,120,111,113,114,115,116,117,117,119
39,118,118,119,119,119,119,119,119,120,121,122,123,122,122,121,120,122,123,124,124,124,124,123,122,123,125,126,125,126,126,123,123,123,124,126,126,125,125,125,120,120,121,123,123,123,123,123,121,117,119,120,120,120,120,120,120,112,113,114,116,116,117,117,119
40,118,118,120,120,120,120,120,119,121,121,123,123,123,123,121,121,122,123,125,125,125,125,123,122,124,125,126,126,126,126,123,123,124,125,126,126,126,126,126,121,121,122,124,124,123,123,123,122,117,119,121,121,121,121,121,120,112,114,115,116,117,118,118,120
41,119,119,120,120,120,120,120,120,121,122,123,124,124,123,122,121,123,124,125,125,125,125,124,123,124,126,127,126,127,127,124,124,124,125,127,127,126,126,126,121,121,122,124,124,124,124,124,122,118,120,121,121,121,121,121,121,113,114,115,117,117,118,118,120
42,119,119,121,121,121,121,121,120,121,122,124,125,124,124,122,122,123,124,126,126,126,126,124,123,125,126,127,127,127,127,124,124,125,125,127,127,127,127,127,122,122,122,125,125,124,124,124,122,118,120,122,122,122,122,122,121,113,115,116,117,118,119,119,120
43,120,120,121,121,121,121,121,121,122,123,124,125,125,124,123,122,124,125,126,126,126,126,125,124,125,126,128,127,128,128,125,125,125,126,128,127,127,127,127,122,122,123,125,125,125,125,125,123,119,121,122,122,122,122,122,122,114,116,117,118,119,119,119,121
44,120,120,122,122,122,122,122,121,122,123,125,126,125,125,123,123,124,125,126,126,127,127,125,124,126,127,128,128,128,128,125,125,125,126,128,128,128,128,128,122,122,123,126,126,125,125,125,123,119,121,123,123,123,123,122,122,115,116,117,119,119,120,120,121
45,120,121,122,122,122,122,122,122,123,123,125,126,126,125,124,123,125,126,127,127,127,127,126,125,126,127,128,128,128,128,126,126,126,127,128,128,128,128,128,123,123,124,126,126,126,126,126,124,120,122,123,123,123,123,123,123,115,117,118,119,120,120,120,122
46,121,122,123,123,123,123,123,122,123,124,126,127,126,126,125,124,125,126,127,127,128,128,127,125,126,128,129,128,129,129,126,126,126,127,129,129,129,129,129,123,123,125,127,127,126,126,126,124,121,122,124,124,124,124,123,123,116,117,119,120,120,121,121,122
47,121,122,124,124,123,123,123,123,124,124,126,127,127,126,125,124,125,126,128,128,128,128,127,126,127,128,129,129,129,129,127,127,127,128,129,129,129,129,129,124,124,125,127,127,127,127,127,125,121,123,124,125,124,124,124,124,117,118,119,120,121,121,121,123
48,122,123,124,124,124,124,124,123,124,125,127,128,127,127,126,125,126,127,128,128,128,129,128,126,127,128,130,129,130,130,127,127,127,128,130,129,129,129,129,125,125,126,128,128,127,127,127,125,122,124,125,125,125,125,125,124,117,119,120,121,122,122,122,123
49,122,123,125,125,124,125,124,124,125,126,127,128,128,127,126,125,126,127,129,129,129,129,128,127,128,129,130,130,130,130,128,128,128,128,130,130,130,130,130,125,125,126,128,128,128,128,128,126,122,124,125,126,126,125,125,125,118,120,121,122,122,123,122,124
50,123,124,126,125,125,125,125,124,125,126,128,129,128,128,127,126,127,128,129,129,129,130,129,127,128,129,131,130,131,131,128,128,128,129,131,130,130,130,130,126,126,127,129,129,128,128,128,126,123,125,126,126,126,126,126,125,118,120,121,122,123,123,123,124
51,123,124,126,126,126,126,125,125,126,127,128,129,129,128,127,126,127,128,130,130,130,130,129,128,129,130,131,131,131,131,129,129,129,129,131,131,131,131,131,126,126,127,129,129,129,129,129,127,123,125,126,127,127,126,126,126,119,121,122,123,123,124,123,125
52,124,125,127,127,126,126,126,125,126,127,129,130,129,129,128,127,128,129,130,130,131,131,130,128,129,130,131,131,131,131,129,129,129,130,131,131,131,131,131,127,127,128,130,130,129,129,129,127,124,126,127,127,127,127,127,126,120,122,123,124,124,124,124,125
53,124,125,127,127,127,127,127,126,126,128,129,130,130,130,128,127,128,129,131,131,131,131,130,129,129,131,132,132,132,132,130,130,130,130,132,132,132,132,132,127,127,128,130,130,130,130,130,128,125,127,128,128,128,127,127,127,120,122,123,124,125,125,125,126
54,125,126,128,128,127,128,127,126,127,128,130,131,131,130,129,128,128,130,131,131,132,132,131,129,130,131,132,132,132,132,130,130,130,131,132,132,132,132,132,128,128,129,131,131,130,130,130,128,126,127,128,128,128,128,128,127,121,123,124,125,125,126,125,126
55,125,127,128,128,128,128,128,127,127,129,130,131,131,131,130,128,129,130,132,132,132,132,131,130,130,132,133,132,133,133,131,131,130,131,133,133,133,133,133,128,128,129,131,131,131,131,131,129,126,128,129,129,129,128,128,128,122,124,125,126,126,126,126,127
56,126,127,129,129,128,129,128,127,128,129,131,132,132,131,130,129,129,131,132,132,133,133,132,130,131,132,133,133,134,134,131,131,131,132,133,133,133,133,133,129,129,130,132,132,131,131,131,129,127,128,129,129,129,129,129,128,122,124,125,126,127,127,126,127
57,126,128,130,129,129,129,129,128,128,129,131,133,132,132,131,129,130,131,132,132,133,133,132,131,131,133,134,133,134,134,132,132,131,132,134,134,134,134,134,130,130,130,132,132,132,132,132,130,127,129,130,130,130,129,129,129,123,125,126,127,127,127,127,128
58,127,128,130,130,130,130,129,128,129,130,132,133,133,133,131,130,130,131,133,133,134,134,133,131,132,133,134,134,135,135,133,133,132,133,134,134,134,134,134,130,130,131,133,133,132,132,132,130,128,130,130,130,131,130,130,129,124,126,127,128,128,128,127,128
59,127,129,131,131,130,130,130,129,129,131,133,134,133,133,132,131,131,132,133,133,134,134,133,132,132,133,134,134,135,135,133,133,133,133,135,135,135,135,135,131,131,131,133,133,133,133,133,131,129,130,131,131,131,131,130,130,124,126,128,128,128,129,128,129
60,128,129,131,131,131,131,131,129,130,131,133,134,134,134,132,131,131,132,134,134,135,135,134,133,133,134,135,135,135,135,134,134,133,134,135,135,135,135,135,131,131,132,134,134,134,133,133,131,129,131,131,132,132,131,131,130,125,127,128,129,129,129,129,130
61,128,130,132,132,131,132,131,130,130,131,134,135,135,134,133,132,132,133,134,134,135,136,134,133,133,134,135,135,136,136,134,134,134,134,135,135,135,135,135,132,132,133,134,134,134,134,134,132,130,131,132,132,132,132,131,131,126,128,129,129,130,130,129,130
62,129,131,133,132,132,132,132,131,131,132,134,136,135,135,133,132,132,133,135,135,136,136,135,134,134,135,136,136,136,136,135,135,134,135,136,136,136,136,136,132,132,133,134,134,135,134,134,133,130,132,133,133,133,132,132,131,127,129,130,130,130,131,130,131
63,129,131,133,133,132,133,132,131,131,133,135,136,136,135,134,133,133,134,135,135,136,137,136,134,134,135,136,136,137,137,135,135,134,135,136,136,136,136,136,133,133,134,135,135,135,135,135,133,131,133,133,133,133,133,133,132,127,129,130,131,131,131,130,131
64,130,132,134,133,133,133,133,132,132,133,135,137,136,136,134,133,133,134,136,136,137,137,136,135,135,136,137,137,137,137,136,136,135,135,137,137,137,137,137,133,133,134,135,135,135,135,135,134,132,133,134,134,134,133,133,132,128,130,131,132,132,132,131,132
65,130,132,134,134,134,134,133,132,132,134,136,137,137,136,135,134,134,135,136,136,137,138,137,135,135,136,137,137,138,138,136,136,135,136,137,137,137,137,137,134,134,135,136,136,136,136,136,134,132,134,134,134,134,134,134,133,129,131,132,132,132,132,131,132
66,131,133,135,135,134,134,134,133,133,134,136,138,137,137,136,134,134,135,137,137,138,138,137,136,135,136,137,138,138,138,137,137,136,136,138,138,138,138,138,134,134,135,136,136,136,136,136,135,133,134,135,135,135,134,134,134,129,131,132,133,133,133,132,133
67,132,134,136,135,135,135,135,133,133,135,137,138,138,137,136,135,135,136,137,137,138,139,138,136,136,137,138,138,139,139,137,137,136,137,138,138,138,138,138,135,135,136,137,137,137,137,137,135,134,135,135,135,135,135,135,134,130,132,133,134,134,134,133,133
68,132,134,136,136,135,135,135,134,134,135,137,139,138,138,137,135,135,136,138,138,139,139,138,137,136,137,138,138,139,139,138,138,137,137,138,138,139,139,139,135,135,136,137,137,137,137,137,136,134,135,136,136,136,135,135,135,130,133,134,134,134,134,133,134
69,133,135,137,136,136,136,136,135,134,136,138,139,139,138,137,136,135,137,138,138,139,140,139,137,137,138,139,139,140,140,138,138,137,138,139,139,139,139,139,136,136,137,138,138,138,138,138,136,135,136,136,136,136,136,136,135,131,133,134,135,135,135,134,134
70,133,135,137,137,136,137,136,135,135,136,138,140,139,139,138,136,136,137,139,139,140,140,139,138,137,138,139,139,140,140,139,139,137,138,139,139,140,140,140,137,137,137,138,138,138,138,138,137,135,136,137,137,137,136,136,136,132,134,135,135,135,135,134,135
71,134,136,138,137,137,137,137,136,135,137,139,140,140,139,138,137,136,137,139,139,140,141,140,138,138,139,140,140,140,140,139,139,138,138,140,140,140,140,140,137,137,137,139,139,139,139,139,137,136,137,137,137,137,137,137,136,132,135,135,136,136,136,135,135
72,134,136,138,138,137,138,137,136,136,137,139,141,140,140,139,138,137,138,140,140,141,141,140,139,138,139,140,140,141,141,140,140,138,139,140,140,140,141,141,138,138,138,139,139,139,139,139,138,136,137,138,138,138,137,137,137,133,135,136,136,136,136,135,136
73,135,137,139,138,138,138,138,137,136,138,140,141,141,141,139,138,137,138,140,140,141,142,141,139,139,140,140,141,141,141,140,140,139,139,141,141,141,141,141,138,138,138,139,139,140,139,139,138,137,138,138,138,139,138,138,137,134,136,137,137,137,137,136,136
74,135,137,139,139,138,139,138,137,137,138,140,142,142,141,140,139,138,139,141,141,142,142,141,140,139,140,141,141,142,142,141,141,139,140,141,141,141,142,142,138,138,139,140,140,140,140,140,139,137,139,139,139,139,138,138,137,135,137,137,137,138,137,136,137
75,136,138,140,139,139,139,139,138,137,139,141,143,142,142,140,139,138,139,141,141,143,143,142,140,139,140,141,142,143,143,141,141,140,140,142,142,142,142,142,139,139,139,140,140,140,140,140,139,138,139,139,139,140,139,139,138,135,137,138,138,138,138,137,137
76,136,139,140,140,139,140,139,138,137,139,142,143,143,142,141,140,139,140,142,142,143,143,142,141,140,141,142,142,143,143,142,142,140,141,142,142,142,143,143,139,139,140,141,141,141,141,141,140,139,140,140,140,140,139,139,138,136,138,138,139,139,138,137,138
77,136,139,141,140,140,140,140,139,138,140,142,144,143,143,141,140,139,140,142,142,144,144,143,141,140,141,142,143,144,144,142,142,141,141,143,143,143,143,143,140,140,140,141,141,142,142,142,140,139,140,140,140,141,140,140,139,136,138,139,139,139,139,138,138
78,137,140,142,141,140,141,140,139,138,140,143,144,144,143,142,141,140,141,143,143,144,144,143,142,141,142,143,143,144,144,143,143,141,142,143,143,143,144,144,140,140,141,142,142,142,142,142,141,139,141,141,141,141,140,140,139,137,139,140,140,140,139,139,139
79,137,140,142,141,141,141,141,140,139,141,143,145,144,144,143,141,140,141,143,143,144,145,144,143,141,142,143,144,145,145,143,143,142,142,144,144,144,144,144,141,141,141,142,142,143,143,143,141,140,141,141,141,142,141,141,140,137,139,140,140,140,140,139,139
80,138,141,143,142,141,142,142,140,139,141,144,145,145,144,143,142,140,142,144,144,145,146,144,143,142,143,144,144,145,145,144,144,142,143,144,144,144,145,145,141,141,142,143,143,143,143,143,142,140,142,142,142,142,141,141,140,138,140,141,141,141,140,139,140
81,138,141,144,143,142,142,142,141,140,142,144,146,145,145,144,142,141,142,144,144,145,146,145,144,142,143,144,145,146,146,144,144,143,143,144,145,145,145,145,142,142,143,143,143,144,144,144,143,141,142,142,143,143,142,142,141,138,140,141,141,142,141,140,140
82,139,142,144,143,142,143,143,141,140,143,145,146,146,145,144,143,141,143,145,145,146,147,146,144,143,144,145,145,146,146,145,145,143,144,145,145,146,146,146,142,142,143,144,144,144,144,144,143,142,143,143,143,143,143,143,141,139,141,142,142,142,142,140,140
83,139,143,145,144,143,143,143,142,141,143,146,147,146,146,145,143,142,143,145,145,146,147,146,145,143,144,145,146,146,146,145,145,144,144,145,145,146,146,146,143,143,144,144,144,145,145,145,144,143,143,143,144,144,143,143,142,139,141,142,143,143,142,141,141
84,140,143,145,144,143,144,144,142,141,144,146,147,147,146,145,144,143,144,145,145,147,148,147,145,144,145,146,146,147,147,146,146,144,145,146,146,146,147,147,143,143,144,145,145,145,145,145,144,143,144,144,144,144,144,144,143,140,142,143,143,143,143,141,141
85,140,144,146,145,144,144,145,143,142,144,147,148,147,147,146,145,143,144,146,146,148,148,147,146,144,145,146,147,147,147,146,146,145,145,146,146,147,147,147,144,144,145,145,145,146,146,146,144,144,144,144,144,145,144,144,143,140,143,143,144,144,143,142,142
86,141,144,146,145,144,145,145,144,142,145,147,148,148,148,146,145,143,145,146,146,148,149,148,146,144,145,147,147,148,148,147,147,145,145,147,147,147,148,148,144,144,145,146,146,146,146,146,145,144,145,145,145,145,145,145,144,141,143,144,144,144,144,143,143
87,142,145,147,146,145,146,146,144,143,145,148,149,148,148,147,146,144,145,147,147,149,149,148,147,145,146,147,148,148,148,147,147,146,146,147,147,148,148,148,145,145,145,146,146,146,147,147,145,145,145,145,145,146,145,145,144,142,144,144,145,145,144,143,143
88,142,145,147,146,145,146,146,145,144,146,148,149,149,149,147,146,144,146,148,148,149,150,149,147,145,146,148,148,149,149,148,148,146,146,148,148,148,149,149,145,145,146,147,147,147,147,147,146,145,146,146,146,146,146,146,145,142,144,145,145,145,145,144,144
89,143,146,148,147,146,147,147,145,144,146,149,150,149,149,148,147,145,146,148,148,150,150,149,148,146,147,148,149,149,149,149,149,146,147,148,148,149,149,149,146,146,146,147,148,148,148,148,146,146,146,146,146,147,146,146,145,143,145,145,146,146,145,144,144
90,143,146,148,147,146,147,147,146,144,147,149,151,150,150,148,147,145,147,149,149,150,151,150,148,146,147,149,149,150,150,149,149,147,147,149,149,149,150,150,146,146,147,148,148,148,148,148,147,146,147,147,147,147,146,147,146,144,146,146,146,146,146,145,144
91,144,147,149,148,147,148,148,146,145,147,150,152,151,150,149,148,146,147,149,149,151,151,150,149,147,148,149,150,150,150,150,150,147,148,149,149,150,150,150,147,147,147,148,148,148,149,149,147,147,147,147,147,148,147,147,146,144,146,147,146,147,146,145,145
92,144,148,149,148,147,148,148,147,145,148,150,152,151,151,149,148,146,148,150,150,152,152,151,149,147,149,150,150,151,151,150,150,148,148,150,150,150,151,151,147,147,148,149,149,149,149,149,148,147,148,148,148,148,148,148,147,145,147,147,147,147,147,146,145
93,145,148,150,149,148,148,149,147,146,148,151,153,152,152,150,149,147,148,150,150,152,153,151,150,148,149,150,151,152,152,151,151,148,149,150,151,151,151,151,148,148,148,149,149,149,150,150,148,148,148,148,148,149,148,148,147,145,147,148,148,148,147,146,146
94,145,149,150,149,148,149,149,148,146,149,152,153,152,152,150,149,147,149,151,151,153,153,152,151,148,149,151,151,152,152,152,152,149,150,151,151,151,152,152,148,148,149,150,150,150,150,150,149,148,149,149,149,149,149,149,148,146,148,148,148,148,148,147,146
95,146,149,151,150,149,149,150,148,147,149,152,154,153,153,151,150,148,149,151,151,153,154,152,152,149,150,151,152,153,153,152,152,149,150,152,152,152,152,152,149,149,149,150,150,151,151,151,149,148,149,149,149,150,149,149,148,146,148,149,149,149,148,147,147
96,146,150,152,150,149,150,150,149,147,150,153,154,153,153,152,150,148,150,152,152,154,154,153,152,149,151,152,152,153,153,153,153,150,151,152,152,153,153,153,149,149,150,151,151,152,152,152,150,149,150,150,150,150,150,150,148,146,149,149,149,149,149,148,147
97,146,151,153,151,150,151,151,149,148,150,153,155,154,153,152,151,149,150,152,152,154,155,153,153,150,151,152,153,154,154,153,153,151,151,152,153,153,153,153,150,150,150,151,151,152,152,152,151,149,151,150,151,151,150,150,149,147,149,150,150,150,150,148,148
98,147,151,153,151,150,151,151,150,148,151,154,155,154,154,153,152,149,151,153,153,155,155,154,153,150,152,153,154,154,154,154,154,151,152,153,153,154,154,154,150,150,151,152,152,153,153,153,152,150,151,151,152,152,151,151,149,148,150,150,151,151,150,149,148
99,148,152,154,152,151,152,152,151,149,152,155,156,155,154,153,152,150,152,153,153,155,156,155,154,151,152,153,154,155,155,154,154,152,152,153,154,154,155,155,151,151,152,152,152,153,153,153,152,151,152,152,152,152,152,152,150,148,150,151,151,152,151,149,149
100,148,153,154,152,151,152,153,152,149,153,155,156,155,155,154,153,150,152,154,154,156,157,155,154,152,152,154,155,155,155,155,155,152,153,154,154,155,155,155,151,151,153,153,153,154,154,154,153,152,152,152,153,153,152,152,151,148,151,152,152,152,152,150,149
101,149,153,155,153,152,153,153,152,149,153,156,156,155,155,154,153,151,153,154,154,156,157,156,154,152,153,154,155,156,156,155,155,153,153,154,155,155,156,156,152,152,153,153,154,154,154,154,153,152,153,153,153,153,153,153,152,149,151,152,152,153,152,150,150
102,149,154,155,154,152,153,154,153,150,154,156,157,156,156,155,154,152,153,155,155,157,157,157,155,153,153,155,156,156,156,155,155,153,153,155,155,156,156,156,153,153,153,154,154,154,155,155,154,153,153,153,154,154,153,153,153,149,152,152,153,153,153,151,150
103,150,154,156,154,153,153,155,153,151,154,157,157,156,156,156,155,152,153,156,156,157,158,157,155,153,154,155,156,157,157,156,156,154,154,155,156,156,157,157,153,153,154,154,155,155,155,155,154,153,154,154,154,154,154,154,153,150,152,153,153,153,153,152,151
104,151,154,156,155,153,154,155,154,152,155,157,158,157,157,156,155,152,154,156,156,158,158,157,156,153,154,156,156,157,157,157,157,154,154,156,156,157,157,157,154,154,154,155,155,156,156,156,155,154,154,154,155,155,154,155,153,151,153,153,154,154,154,152,152
105,151,155,157,155,154,155,156,154,153,155,158,158,157,158,157,156,153,154,157,157,159,159,158,156,154,155,156,157,158,158,157,157,155,155,156,157,157,158,158,154,154,155,155,156,156,156,156,155,154,155,155,155,155,155,155,154,151,154,154,154,155,154,153,152
106,152,156,157,156,154,155,156,155,153,156,158,159,158,158,157,156,153,155,157,157,159,159,158,157,154,155,157,157,158,158,158,158,155,155,157,157,158,158,158,155,155,155,156,156,156,157,157,156,155,155,156,156,156,155,156,154,152,154,155,155,155,155,153,153
107,152,156,158,156,154,156,157,155,153,156,159,160,158,159,158,157,154,156,158,158,160,160,159,157,155,156,157,158,159,159,158,158,156,156,157,157,158,158,158,155,155,156,157,157,157,157,157,156,155,156,156,156,157,156,156,155,153,155,155,155,155,155,153,153
108,153,157,158,157,155,156,157,156,154,157,159,161,159,159,158,157,154,157,158,158,161,161,159,158,156,157,158,158,159,159,159,159,156,156,158,158,158,159,159,156,156,156,157,157,157,158,158,157,156,157,157,157,157,156,157,155,154,156,156,156,156,156,154,154
109,153,158,159,157,156,157,157,156,154,157,160,161,160,160,158,157,155,157,159,159,161,161,160,158,156,157,158,159,160,160,160,160,156,157,158,159,159,160,160,157,157,157,157,158,158,158,158,157,156,157,157,157,158,157,157,156,154,156,157,156,156,156,154,154
110,154,158,160,157,156,157,158,157,155,158,161,162,161,161,159,158,156,158,159,159,162,162,161,159,157,158,159,159,161,161,160,160,157,157,159,160,160,160,160,157,157,157,158,158,158,159,159,158,157,158,157,157,158,157,157,156,154,157,157,157,157,157,155,154
111,154,159,161,158,157,158,158,157,155,158,161,162,161,161,159,158,156,158,160,160,162,162,161,160,157,158,159,160,162,162,161,161,157,158,160,161,160,161,161,157,157,158,158,158,160,160,160,158,157,158,158,158,159,158,158,157,155,157,158,157,157,157,156,155
112,155,160,162,158,157,158,159,158,156,159,162,163,162,161,160,159,157,158,161,161,162,163,162,161,158,159,160,161,162,162,161,161,158,159,161,161,161,161,161,158,158,158,159,159,161,161,161,160,158,159,158,159,159,158,158,157,155,157,158,158,158,158,157,155
113,155,160,162,159,158,159,160,158,156,160,163,163,162,162,161,160,157,159,161,161,163,164,163,162,158,160,161,161,163,163,162,162,158,160,161,162,162,162,162,158,158,159,159,160,161,161,161,161,158,159,159,160,160,159,159,158,156,158,158,159,160,158,157,156
114,155,161,163,159,158,159,160,159,157,161,164,163,162,162,161,161,158,160,162,162,163,164,163,162,159,160,161,162,163,163,162,162,160,160,162,162,162,163,163,159,159,160,160,160,162,162,162,161,160,160,160,161,161,160,160,158,156,158,159,160,161,159,158,157
115,156,161,163,160,159,160,161,161,157,162,164,164,163,163,162,161,158,160,162,162,164,165,164,163,160,161,162,163,164,164,163,163,161,161,162,163,163,163,163,160,160,161,161,161,162,162,162,162,161,161,160,162,161,161,161,160,157,159,160,160,161,160,158,157
116,157,162,164,161,159,161,162,162,157,163,165,164,163,163,162,162,159,161,163,163,164,166,164,163,161,161,162,163,164,164,163,163,161,161,163,163,164,164,164,160,160,162,161,161,163,163,163,162,162,161,161,162,162,161,161,161,157,160,160,161,162,161,158,158
117,157,162,164,162,160,161,163,163,159,163,165,165,164,163,162,162,159,161,163,163,165,166,165,164,161,162,162,164,164,164,164,164,162,162,163,163,164,165,165,161,161,163,161,162,163,163,163,163,163,162,161,163,162,162,162,162,158,161,161,162,162,161,159,158
118,159,163,165,163,160,161,164,163,161,164,166,165,164,164,163,163,160,162,165,165,166,166,165,164,162,162,163,164,165,165,164,164,163,162,164,164,165,165,165,161,161,163,162,163,164,164,164,163,163,162,162,163,162,162,162,163,158,161,161,162,163,162,160,160
119,160,163,165,164,161,162,164,163,162,164,166,167,164,164,163,163,161,162,166,166,167,167,166,164,162,163,163,165,165,165,164,164,163,163,164,164,165,166,166,162,162,164,163,164,164,164,164,163,163,163,163,164,163,163,163,163,158,161,162,163,163,162,161,161
120,160,163,165,164,161,162,164,164,163,164,166,169,165,165,164,164,161,163,166,166,167,167,166,165,163,163,163,165,166,166,167,167,163,163,164,165,166,166,166,163,163,164,164,165,165,164,164,164,164,163,164,164,163,163,164,163,161,162,162,163,164,163,161,161
121,161,163,166,165,161,163,165,164,163,165,167,168,165,165,165,165,162,163,166,166,168,168,166,165,163,163,164,166,166,166,167,167,164,163,165,165,166,166,166,165,165,165,165,166,165,165,165,164,164,163,165,164,164,163,165,164,162,163,164,163,164,163,162,162
122,162,166,166,165,162,165,166,165,163,165,168,170,165,166,166,166,162,163,167,167,169,169,168,166,163,163,165,166,166,166,169,169,164,163,165,166,166,167,167,166,166,165,166,166,165,165,165,165,165,163,165,165,164,164,166,164,163,164,165,163,164,163,162,162
123,162,169,167,166,162,166,166,166,165,166,168,171,166,167,166,166,162,163,169,169,170,169,169,166,163,164,166,167,167,167,170,170,164,164,166,166,166,168,168,166,166,166,166,166,166,166,166,165,166,164,166,165,164,164,166,165,164,165,166,164,165,165,162,162
124,163,171,167,166,163,166,166,166,164,166,169,172,166,169,166,167,163,164,170,170,170,170,170,166,164,164,166,167,167,167,170,170,165,164,166,166,167,169,169,167,167,166,166,167,166,166,166,166,166,164,166,166,165,164,166,166,164,166,166,164,165,166,163,163
125,163,170,167,166,163,166,166,166,165,166,170,172,166,171,167,167,163,164,170,170,171,171,170,166,164,164,167,167,167,167,171,171,166,164,166,166,168,169,169,167,167,166,167,167,166,166,166,166,166,164,166,166,166,164,166,166,165,166,166,164,166,164,163,163
126,163,171,167,166,163,166,166,166,165,167,170,172,166,172,167,167,163,164,171,171,171,171,170,166,164,164,167,168,167,167,172,172,166,164,166,166,167,170,170,167,167,166,167,167,166,166,166,166,166,164,166,166,166,165,167,166,164,166,167,164,166,166,163,163
127,163,171,167,166,163,166,167,166,165,167,170,172,166,172,167,167,163,164,171,171,171,171,170,166,164,164,167,168,168,168,173,173,166,164,166,166,168,170,170,167,167,166,167,167,166,166,166,166,166,164,167,166,166,166,167,166,165,166,167,164,166,166,163,163
128,163,172,167,166,163,167,167,166,166,167,170,172,166,172,167,167,163,164,171,171,171,171,170,166,164,164,167,168,168,168,173,173,166,164,166,167,169,170,170,167,167,167,167,167,166,166,166,166,166,164,168,166,166,166,167,166,166,166,167,165,166,167,163,163
129,164,173,168,167,164,168,168,167,167,168,171,173,167,173,168,169,164,166,172,172,172,172,171,167,165,165,171,169,171,171,174,174,167,165,167,170,170,171,171,168,168,168,169,169,167,167,167,167,167,165,169,167,167,167,168,167,167,167,168,166,167,168,164,164
130,165,174,168,167,164,168,169,167,167,168,171,173,167,174,168,169,166,167,172,172,172,172,171,168,165,165,170,169,171,171,174,174,167,165,167,170,170,172,172,168,168,168,170,170,168,167,167,167,167,166,169,167,168,167,168,167,168,167,168,167,167,168,164,165
131,165,174,168,167,164,168,169,168,168,168,172,174,170,174,168,169,167,168,172,172,173,172,171,168,165,166,172,169,173,173,174,174,167,166,167,170,171,172,172,168,168,168,169,171,168,167,167,167,167,168,169,167,169,167,168,167,168,167,168,167,167,168,166,165
132,165,174,169,168,164,168,169,168,168,169,172,175,171,174,169,170,167,169,172,172,173,172,172,168,165,166,173,170,172,172,174,174,167,167,167,170,171,172,172,168,168,168,171,171,168,170,170,167,167,169,170,168,172,168,169,168,168,168,171,167,167,169,167,166
133,166,174,169,168,165,168,170,168,168,169,173,175,172,174,170,171,168,172,173,173,173,173,172,168,166,168,173,170,174,174,174,174,168,167,168,172,171,173,173,169,169,168,172,172,168,170,170,168,168,171,170,168,173,168,170,168,168,168,172,167,168,169,165,167
134,166,175,170,168,166,169,170,169,168,170,174,176,173,174,171,171,168,173,173,173,174,173,172,173,167,170,173,172,175,175,175,175,168,170,168,173,172,174,174,170,170,169,172,172,170,173,173,168,168,173,171,168,174,169,171,168,168,170,172,168,168,169,168,168
135,166,175,170,169,167,169,171,169,169,170,175,176,174,174,172,172,169,173,173,173,174,174,173,170,167,172,174,173,176,176,175,175,168,173,168,174,173,174,174,171,171,169,172,172,172,170,170,168,168,174,171,168,174,173,171,168,169,171,173,168,168,169,169,168
136,167,175,171,169,168,170,171,170,169,172,176,176,174,175,172,173,170,174,174,174,174,175,174,174,168,173,174,174,176,176,175,175,169,174,173,174,174,175,175,172,172,169,173,173,173,174,174,171,169,174,172,170,174,174,172,169,169,171,173,171,168,170,170,168
137,168,175,173,170,168,170,172,170,169,173,176,176,175,175,172,173,171,174,174,174,174,176,175,175,169,174,174,175,176,176,176,176,172,174,174,175,175,176,176,172,172,172,173,174,174,175,175,173,169,174,172,172,174,174,172,169,170,172,173,173,171,170,171,169
138,168,176,174,170,168,171,173,173,170,174,177,177,175,175,173,174,172,174,175,175,175,176,176,176,171,174,174,176,177,177,176,176,173,174,175,176,176,176,176,172,172,173,174,174,175,176,176,174,170,175,173,173,175,174,173,169,170,172,174,174,173,173,172,170
139,169,176,174,171,169,172,174,174,170,175,177,177,176,176,173,175,173,175,175,175,176,177,176,176,172,174,175,176,177,177,176,176,174,175,175,176,176,177,177,173,173,174,174,175,176,176,176,175,172,175,174,174,175,175,174,171,170,173,174,174,174,174,173,171
140,170,176,175,171,170,172,174,175,171,176,177,177,176,176,174,176,173,175,176,176,177,177,176,176,173,175,176,177,177,177,177,177,175,175,176,176,177,177,177,174,174,174,175,176,176,176,176,175,173,176,174,175,176,175,175,173,170,174,174,175,174,174,173,172
141,171,177,176,172,171,173,175,176,172,176,178,177,176,176,175,176,174,176,177,177,177,177,177,177,174,175,176,177,178,178,177,177,175,176,176,177,177,177,177,174,174,175,176,176,176,177,177,176,174,176,175,175,176,176,176,174,171,175,175,175,175,175,174,172
142,172,177,177,172,172,173,176,176,173,177,179,178,177,176,175,176,174,176,177,177,178,178,177,177,174,175,177,177,178,178,177,177,176,176,176,177,178,178,178,175,175,176,176,177,177,177,177,176,175,176,176,176,176,176,176,174,172,176,176,176,176,176,174,173
143,173,178,177,173,172,174,176,177,174,177,179,178,177,177,176,177,174,177,177,177,178,179,178,177,174,176,177,178,179,179,177,177,176,176,177,177,178,179,179,176,176,176,177,177,177,177,177,177,176,177,177,176,177,176,177,175,173,176,176,176,176,176,174,173
144,173,178,177,174,172,174,177,177,175,178,180,178,177,177,177,177,175,177,178,178,179,179,178,177,175,176,178,179,179,179,178,178,176,177,177,178,179,179,179,176,176,177,177,177,177,178,178,177,176,177,177,177,177,177,177,176,174,177,177,176,176,177,175,174
145,174,179,178,174,173,175,177,177,176,179,180,179,177,178,177,178,176,178,179,179,180,180,179,178,175,177,179,179,180,180,179,179,177,177,177,178,179,180,180,177,177,177,178,178,178,178,178,177,177,178,177,177,178,177,178,176,175,177,177,177,177,177,176,174
146,174,180,178,175,173,175,177,178,176,179,180,179,178,178,177,179,176,178,180,180,180,180,180,178,176,177,179,180,180,180,180,180,177,178,178,179,180,181,181,177,177,177,179,179,178,179,179,178,177,178,178,177,179,178,179,177,175,177,178,177,177,178,176,175
147,175,181,179,176,174,176,178,178,177,180,181,180,178,179,178,179,177,179,181,181,181,181,180,179,176,178,180,180,181,181,180,180,177,179,179,179,180,181,181,178,178,178,179,180,179,180,180,178,177,179,179,178,180,179,179,177,176,178,179,177,177,178,177,176
148,176,182,179,176,174,176,179,179,177,180,181,181,179,180,178,180,177,180,181,181,182,181,181,180,177,179,181,181,181,181,181,181,178,179,180,180,181,182,182,179,179,178,180,180,179,180,180,179,178,180,180,179,180,179,180,177,177,179,180,178,178,179,177,176
149,176,182,180,177,175,177,179,180,177,181,182,182,180,180,179,180,178,181,182,182,182,182,181,181,178,180,182,181,182,182,182,182,179,180,181,181,181,182,182,180,180,179,181,180,180,181,181,180,178,181,180,179,181,180,180,178,177,180,180,179,179,179,178,177
150,177,183,180,177,175,177,180,180,178,181,183,182,180,181,180,181,179,181,182,182,182,182,181,182,179,181,182,182,183,183,182,182,180,181,181,182,182,183,183,180,180,180,181,181,181,182,182,181,179,182,180,180,182,181,181,179,178,180,181,180,180,180,179,177
151,177,183,181,177,176,178,180,181,178,182,183,183,181,182,180,182,180,182,183,183,183,183,182,182,179,182,183,183,183,183,183,183,181,181,182,182,183,183,183,181,181,180,182,182,182,183,183,182,180,182,181,181,182,182,182,179,178,181,181,181,181,180,180,178
152,178,184,182,178,177,178,181,182,179,183,184,183,182,182,181,182,180,183,183,183,183,183,182,183,180,182,183,183,184,184,183,183,181,182,183,183,183,183,183,181,181,181,182,182,183,183,183,182,181,183,182,182,183,182,182,180,179,181,182,182,181,181,180,179
153,179,184,182,179,177,179,181,183,180,183,185,184,182,183,181,183,181,183,184,184,184,184,183,183,181,183,184,184,184,184,184,184,182,183,183,184,184,184,184,182,182,182,183,183,183,184,184,183,182,183,182,182,183,183,183,181,179,182,182,182,182,182,181,179
154,180,185,183,179,177,180,182,183,180,184,185,184,183,183,182,183,182,183,185,185,184,184,183,184,182,183,184,185,185,185,184,184,183,183,184,184,184,185,185,182,182,183,183,183,184,184,184,183,182,184,183,183,184,183,183,182,180,183,183,183,183,183,182,180
155,180,185,183,180,178,180,182,184,181,185,186,185,183,184,182,184,182,184,185,185,185,185,184,184,182,184,185,185,186,186,185,185,183,184,184,185,185,185,185,183,183,183,184,184,185,185,185,184,183,184,184,184,184,184,184,183,181,183,183,184,183,183,182,181
156,181,186,184,180,179,181,183,185,182,185,186,185,184,184,183,185,183,184,186,186,185,185,185,185,183,184,185,186,186,186,185,185,184,184,185,185,186,186,186,184,184,184,185,185,185,185,185,185,184,185,184,184,185,184,185,183,181,184,184,184,184,184,183,182
157,182,186,185,181,179,181,183,185,183,186,187,186,184,185,183,185,183,185,186,186,186,186,185,185,183,185,186,186,187,187,186,186,185,185,185,186,186,187,187,184,184,185,185,185,186,186,186,185,184,185,185,185,185,185,185,184,182,185,185,185,185,185,183,182
158,182,187,185,181,180,182,184,186,183,186,188,186,185,185,184,186,184,186,187,187,186,186,186,186,184,185,186,187,187,187,186,186,185,185,186,186,187,187,187,185,185,185,186,186,186,186,186,186,185,186,185,186,186,185,186,185,183,185,185,185,185,185,184,183
159,183,187,186,182,180,182,185,186,184,187,188,186,185,185,184,186,184,186,188,188,187,187,186,186,184,186,187,187,188,188,187,187,186,186,186,187,187,188,188,186,186,186,186,186,187,187,187,186,186,186,186,186,187,186,186,185,184,186,186,186,186,186,185,183
160,184,188,186,182,181,183,185,187,185,188,189,187,185,186,185,187,185,187,188,188,188,188,187,187,185,186,187,188,188,188,187,187,186,186,187,187,188,188,188,186,186,186,187,187,187,187,187,187,186,187,187,186,187,187,187,186,184,187,187,186,186,186,185,184
161,184,189,187,183,182,183,186,188,185,188,189,187,186,186,185,187,186,188,189,189,188,188,187,187,186,187,188,188,189,189,188,188,186,187,187,188,188,189,189,187,187,187,188,188,188,188,188,187,187,188,187,187,188,187,188,186,185,187,187,187,187,187,186,185
162,185,189,187,183,182,184,186,188,186,189,189,188,186,187,186,188,186,189,190,190,189,189,188,188,186,188,189,189,189,189,189,189,187,188,188,188,189,189,189,188,188,187,188,188,188,189,189,188,187,188,188,188,189,188,188,187,186,188,188,188,187,188,186,185
163,186,190,188,184,183,184,187,189,186,189,190,188,187,187,186,189,187,189,190,190,189,189,189,189,187,188,190,189,190,190,189,189,188,189,189,189,189,190,190,188,188,188,189,189,189,189,189,189,188,189,189,188,189,189,189,187,186,189,189,188,188,188,187,186
164,186,191,188,185,183,185,187,189,187,190,190,189,187,188,187,189,188,190,191,191,190,190,189,189,188,189,190,190,190,190,190,190,188,189,189,190,190,190,190,189,189,189,190,189,189,190,190,189,188,190,189,189,190,189,190,188,187,189,189,189,189,189,188,186
165,187,191,189,185,184,185,188,190,188,191,191,190,188,188,188,190,189,191,191,191,190,190,190,190,188,190,191,191,191,191,191,191,189,190,190,190,190,191,191,189,189,189,190,190,190,191,191,190,189,190,190,190,190,190,190,189,187,190,190,190,190,189,188,187
166,188,192,189,186,184,186,189,191,188,191,191,190,188,189,188,190,189,191,191,191,191,191,190,190,189,191,191,191,191,191,191,191,190,190,191,191,191,191,191,190,190,190,191,191,191,191,191,191,190,191,190,190,191,191,191,189,188,190,190,190,190,190,189,188
167,188,192,190,186,185,186,189,191,189,192,192,191,189,190,189,191,190,192,192,192,191,191,190,191,190,191,192,192,192,192,191,191,191,191,191,191,191,192,192,191,191,191,191,191,191,192,192,191,190,191,191,191,191,191,191,190,188,191,191,191,191,191,190,189
168,189,192,190,187,185,187,190,192,190,192,192,191,190,190,189,191,191,192,192,192,192,192,191,191,190,192,192,192,192,192,192,192,191,191,192,192,192,192,192,191,191,191,192,191,192,192,192,192,191,192,191,191,192,191,191,191,189,191,191,191,191,191,190,189
169,189,193,191,187,186,188,190,192,190,193,193,192,190,191,190,192,191,192,193,193,192,192,191,192,191,192,192,192,193,193,192,192,192,192,192,192,192,193,193,191,191,192,192,192,192,193,193,192,192,192,192,192,192,192,192,191,190,192,192,192,192,192,191,190
170,190,193,191,188,186,188,191,193,191,193,194,192,191,191,190,192,191,193,194,194,193,192,192,192,191,193,193,193,193,193,193,193,192,192,193,193,193,193,193,192,192,192,193,193,193,193,193,193,192,193,192,192,193,192,192,192,191,192,192,192,192,192,191,191
171,191,194,192,188,187,189,191,193,192,194,194,193,191,192,191,193,192,193,194,194,193,193,192,193,192,193,193,194,194,194,193,193,193,193,193,193,194,194,194,193,193,193,193,193,193,194,194,193,193,193,193,193,193,193,193,192,191,193,193,193,193,193,192,191
172,191,195,192,189,188,189,192,194,192,195,195,193,192,192,191,193,192,194,195,195,194,193,193,193,192,194,194,194,195,195,194,194,193,193,194,194,194,194,194,193,193,193,194,194,194,194,194,194,193,194,194,194,194,193,194,193,192,194,194,193,194,193,192,191
173,192,195,193,189,188,190,192,195,193,195,195,194,192,192,192,194,193,195,195,195,194,194,193,194,193,194,195,195,195,195,194,194,194,194,194,194,195,195,195,194,194,194,194,194,195,195,195,194,194,195,194,194,195,194,194,194,192,194,194,194,194,194,193,192
174,192,196,194,190,189,191,193,195,194,196,196,194,192,193,192,195,194,195,196,196,195,195,194,195,194,195,195,195,196,196,195,195,194,194,195,195,195,196,196,195,195,195,195,195,195,195,195,195,195,195,195,195,195,195,195,194,193,195,195,195,195,195,193,192
175,193,196,194,191,189,191,193,196,194,196,196,195,193,193,192,195,194,196,196,196,195,195,195,195,194,195,196,196,196,196,195,195,195,195,195,195,196,196,196,195,195,195,196,196,196,196,196,195,195,196,195,195,196,195,196,195,194,196,196,195,195,195,194,193
176,194,197,195,191,190,191,194,197,195,197,197,195,194,194,193,196,195,197,197,197,196,196,195,196,195,196,197,197,197,197,196,196,195,196,196,196,196,197,197,196,196,196,196,196,196,196,196,196,196,196,196,196,196,196,196,195,194,196,196,196,196,196,195,194
177,195,198,195,192,191,192,194,197,195,197,197,196,194,194,194,196,196,197,198,198,196,196,196,196,195,197,197,197,197,197,197,197,196,196,197,197,197,197,197,197,197,196,197,197,197,197,197,197,196,197,197,196,197,196,197,196,195,197,197,196,196,196,196,195
178,195,198,196,192,191,192,195,198,196,198,198,196,195,195,194,197,196,198,198,198,197,197,196,197,196,197,198,198,197,197,197,197,197,197,197,197,198,198,198,197,197,197,197,197,197,198,198,197,197,198,197,197,198,197,197,197,196,198,198,197,197,197,196,195
179,196,199,196,193,191,193,196,198,197,199,198,197,195,196,195,198,197,199,199,199,197,197,197,197,197,198,198,198,198,198,198,198,198,198,198,198,198,198,198,198,198,197,198,198,198,198,198,198,198,198,198,198,198,198,198,197,196,198,198,198,198,198,197,196
180,197,199,197,193,192,194,196,199,197,199,199,197,196,196,195,198,198,199,199,199,198,198,197,198,197,199,199,199,199,199,198,198,198,198,198,198,199,199,199,198,198,198,199,199,199,199,199,199,198,199,198,198,199,198,199,198,197,199,199,198,199,198,198,197
181,197,200,197,194,192,194,197,199,198,200,199,198,196,197,196,199,199,200,200,200,199,198,198,199,198,199,200,199,199,199,199,199,199,199,199,199,199,199,199,199,199,199,199,199,199,199,199,199,199,199,199,199,199,199,199,199,197,199,199,199,199,199,198,197
182,198,200,198,195,193,195,197,200,199,200,200,198,197,197,197,199,199,200,200,200,199,199,198,199,199,200,200,200,200,200,199,199,199,200,200,200,200,200,200,199,199,199,200,200,200,200,200,200,200,200,199,199,200,200,200,199,198,200,200,200,200,200,199,198
183,198,201,199,195,194,195,198,200,199,201,200,199,197,198,197,200,200,201,201,201,200,199,199,200,199,200,201,200,200,200,200,200,200,200,200,200,200,200,200,200,200,200,200,200,200,200,200,200,200,200,200,200,200,200,200,200,199,200,200,200,200,200,199,199
184,199,201,199,196,194,196,199,201,200,201,201,199,198,198,198,200,200,201,201,201,200,200,199,200,200,201,201,201,201,201,201,201,201,201,201,201,201,201,201,201,201,200,201,201,201,201,201,201,201,201,201,200,201,201,201,200,199,201,201,201,201,201,200,199
185,200,202,200,196,195,197,199,202,200,202,201,200,198,199,199,201,201,202,202,202,200,200,200,201,201,201,202,201,201,201,201,201,201,201,201,201,201,201,201,201,201,201,201,201,201,201,201,201,201,201,201,201,201,201,201,201,200,201,201,201,201,201,200,200
186,200,202,200,197,196,197,200,202,201,203,202,200,199,200,199,201,201,202,202,202,201,201,200,201,201,202,202,202,202,202,201,201,202,202,202,202,202,202,202,202,202,202,202,202,202,202,202,202,202,202,202,202,202,202,202,201,201,202,202,202,202,202,201,200
187,201,203,201,197,196,198,200,203,202,203,203,201,199,200,200,202,202,203,203,203,201,201,201,202,202,202,203,202,202,202,202,202,202,202,202,202,202,202,202,202,202,202,202,202,203,203,203,203,203,203,202,202,203,202,202,202,201,203,203,203,203,202,202,201
188,202,204,201,198,197,199,201,204,202,204,203,201,200,201,200,203,202,204,204,204,202,202,201,202,202,203,203,203,203,203,203,203,203,203,203,203,203,203,203,203,203,203,203,203,203,203,203,203,203,203,203,203,203,203,203,203,202,203,203,203,203,203,202,201
189,202,204,202,199,198,199,201,204,203,204,204,202,201,201,201,203,203,204,204,204,203,202,202,203,203,204,204,203,204,204,203,203,203,203,203,203,204,204,204,204,204,204,204,204,204,204,204,204,204,204,204,203,204,203,204,204,203,204,204,204,204,204,203,202
190,203,205,202,199,198,200,202,205,204,205,204,203,201,202,201,204,204,205,205,205,203,203,203,204,203,204,204,204,204,204,204,204,204,204,204,204,204,204,204,204,204,204,204,204,204,204,204,204,204,204,204,204,204,204,204,204,203,205,205,204,204,204,204,203
191,204,205,203,200,199,200,202,205,204,205,205,203,202,202,202,204,205,205,205,205,204,203,203,204,204,205,205,205,205,205,204,204,205,205,204,204,205,205,205,205,205,205,205,205,205,205,205,205,205,205,205,204,205,204,205,205,204,205,205,205,205,205,204,204
192,204,206,204,200,200,201,203,206,205,206,205,204,202,203,202,205,205,206,206,206,204,204,204,205,205,205,206,205,205,205,205,205,205,205,205,205,205,205,205,206,206,205,205,205,205,205,205,205,205,206,205,205,206,205,205,205,205,206,206,205,205,205,205,204
193,205,206,204,201,200,201,204,207,205,207,206,204,203,203,203,206,206,207,206,206,205,205,204,205,205,206,206,206,206,206,205,205,206,206,206,205,206,206,206,206,206,206,206,206,206,206,206,206,206,206,206,206,206,206,206,206,205,207,206,206,206,206,205,205
194,206,207,205,202,201,202,204,207,206,207,207,205,203,204,204,206,206,207,207,207,205,205,205,206,206,207,207,206,206,206,206,206,206,206,206,206,206,206,206,207,207,206,207,206,206,206,206,207,207,207,207,206,207,206,207,206,206,207,207,207,207,206,206,206
195,206,208,205,202,201,203,205,208,207,208,207,205,204,204,204,207,207,208,208,208,206,206,206,206,207,207,207,207,207,207,207,207,207,207,207,207,207,207,207,207,207,207,207,207,207,207,207,207,207,207,207,207,207,207,207,207,206,208,208,207,207,207,207,206
196,207,208,206,203,202,203,206,208,207,208,208,206,204,205,205,207,208,208,208,208,207,206,206,207,207,208,208,207,207,207,207,207,208,208,207,207,207,208,208,208,208,208,208,208,208,208,208,208,208,208,208,207,208,207,208,208,207,208,208,208,208,208,207,207
197,207,209,206,204,202,204,206,209,208,209,208,206,205,206,205,208,208,209,209,209,207,207,207,208,208,208,208,208,208,208,208,208,208,208,208,208,208,208,208,208,208,208,208,208,208,208,208,208,208,209,208,208,208,208,208,208,208,209,209,209,209,208,208,208
198,208,209,207,204,203,205,207,209,208,209,209,207,206,206,206,208,209,209,209,209,208,207,207,208,208,209,209,208,208,208,208,208,209,209,208,208,208,208,208,209,209,209,209,209,209,209,209,209,209,209,209,208,209,209,209,209,208,209,209,209,209,209,208,208
199,209,210,208,205,204,205,207,210,209,210,209,207,206,207,207,209,209,210,210,210,208,208,208,209,209,210,209,209,209,209,209,209,209,209,209,209,209,209,209,209,209,209,209,209,209,209,209,209,210,210,209,209,210,209,209,209,209,210,210,210,210,209,209,209
200,209,210,208,205,204,206,208,211,210,210,210,208,207,207,207,210,210,210,210,210,209,208,208,209,210,210,210,209,209,209,209,209,210,210,210,209,209,210,210,210,210,210,210,210,210,210,210,210,210,210,210,210,210,210,210,210,209,210,210,210,210,210,210,209
201,210,211,209,206,205,207,208,211,210,211,210,209,207,208,208,210,210,211,211,211,209,209,209,210,210,211,211,210,210,210,210,210,211,211,210,210,210,210,210,211,211,210,210,210,210,210,210,211,211,211,211,210,211,210,210,211,210,211,211,211,211,211,210,210
202,211,211,209,207,206,207,209,212,211,212,211,209,208,209,208,211,211,212,211,211,210,210,209,211,211,211,211,211,211,211,211,211,211,211,211,211,211,211,211,211,211,211,211,211,211,211,211,211,212,211,211,211,211,211,211,211,211,212,212,212,212,211,211,211
203,211,212,210,207,207,208,210,213,212,212,211,210,208,209,209,211,212,212,212,212,210,210,210,211,211,212,212,211,211,211,211,211,212,212,211,211,211,211,211,212,212,212,212,211,212,212,212,212,212,212,212,212,212,211,212,212,211,212,212,212,212,212,212,211
204,212,212,211,208,207,208,210,213,212,213,212,210,209,210,209,212,212,213,212,212,211,211,211,212,212,212,212,212,212,212,212,212,212,212,212,212,212,212,212,213,213,212,212,212,212,212,212,212,213,212,212,212,212,212,212,213,212,213,213,213,213,213,212,212
205,212,213,211,208,208,209,211,214,213,213,213,211,210,210,210,213,213,213,213,213,211,211,211,212,213,213,213,212,212,212,212,212,213,213,213,212,212,212,212,213,213,213,213,213,213,213,213,213,213,213,213,213,213,213,213,213,213,214,213,213,213,213,213,213
206,213,214,212,209,208,210,212,214,213,214,213,212,210,211,211,213,214,214,214,214,212,212,212,213,213,213,213,213,213,213,213,213,213,213,213,213,213,213,213,214,214,213,213,213,213,213,213,213,214,214,213,213,214,213,213,214,213,214,214,214,214,214,213,213
207,214,214,212,210,209,210,212,215,214,214,214,212,211,212,211,214,214,214,214,214,213,212,213,213,214,214,214,213,213,213,213,213,214,214,214,213,214,213,213,214,214,214,214,214,214,214,214,214,214,214,214,214,214,214,214,214,214,215,215,214,214,214,214,214
208,214,215,213,211,210,211,213,215,215,215,214,213,212,212,212,214,215,215,215,215,213,213,213,214,214,215,215,214,214,214,214,214,214,214,214,214,214,214,214,215,215,214,215,214,214,214,214,215,215,215,215,214,215,214,215,215,214,215,215,215,215,215,214,214
209,215,215,214,211,210,212,213,216,215,216,215,213,212,213,213,215,215,216,215,215,214,213,214,215,215,215,215,215,215,215,215,215,215,215,215,214,215,215,215,215,215,215,215,215,215,215,215,215,216,215,215,215,215,215,215,215,215,216,216,216,216,215,215,215
210,216,216,214,212,211,212,214,216,216,216,215,214,213,213,213,216,216,216,216,216,214,214,214,215,216,216,216,215,215,215,215,215,216,216,215,215,215,215,215,216,216,216,216,216,215,215,215,216,216,216,216,215,216,215,216,216,216,217,217,216,216,216,216,216
211,216,217,215,213,212,213,215,217,216,217,216,214,213,214,214,216,217,217,216,216,215,215,215,216,216,217,216,216,216,216,216,216,216,216,216,216,216,216,216,217,217,216,216,216,216,216,216,217,217,217,216,216,217,216,216,217,216,217,217,217,217,217,216,216
212,217,217,215,213,213,214,215,218,217,217,217,215,214,214,214,217,217,217,217,217,216,215,216,216,217,217,217,216,216,216,217,217,217,217,217,216,216,216,216,217,217,217,217,217,217,217,217,217,217,217,217,217,217,217,217,217,217,218,218,218,218,217,217,217
213,218,218,216,214,213,214,216,218,218,218,217,215,214,215,215,217,218,218,218,218,216,216,216,217,217,218,218,217,217,217,217,217,218,218,217,217,217,217,217,218,218,217,218,217,217,217,217,218,218,218,218,217,218,217,218,218,218,218,218,218,218,218,218,218
214,218,218,216,214,214,215,216,219,218,218,218,216,215,216,216,218,218,219,218,218,217,217,217,218,218,218,218,217,217,217,218,218,218,218,218,217,217,218,218,218,218,218,218,218,218,218,218,218,219,218,218,218,218,218,218,219,218,219,219,219,219,219,218,218
215,219,219,217,215,215,216,217,220,219,219,218,217,216,216,216,219,219,219,219,219,217,217,217,218,219,219,219,218,218,218,218,218,219,219,218,218,218,218,218,219,219,219,219,218,219,219,219,219,219,219,219,218,219,219,219,219,219,220,220,219,220,219,219,219
216,219,219,218,216,215,216,218,220,219,220,219,217,216,217,217,219,220,220,219,219,218,218,218,219,219,220,219,219,219,219,219,219,219,219,219,219,219,219,219,220,220,219,219,219,219,219,219,220,220,220,219,219,219,219,219,220,220,220,220,220,220,220,220,220
217,220,220,218,216,216,217,218,221,220,220,219,218,217,218,218,220,220,220,220,220,218,218,219,220,220,220,220,219,219,219,220,220,220,220,220,219,219,219,219,220,220,220,220,220,220,220,220,220,221,220,220,220,220,220,220,221,220,221,221,221,221,220,220,220
218,220,220,219,217,217,218,219,221,221,221,220,219,218,218,218,220,221,221,220,220,219,219,219,220,220,221,220,220,220,220,220,220,221,220,220,220,220,220,220,221,221,221,220,220,220,220,220,221,221,221,221,220,221,220,221,221,221,221,221,221,221,221,221,221
219,221,221,220,218,217,218,220,222,221,221,221,219,218,219,219,221,221,221,221,221,220,219,220,221,221,221,221,220,221,221,221,221,221,221,221,220,221,221,221,221,221,221,221,221,221,221,221,221,222,221,221,221,221,221,221,222,221,222,222,222,222,221,221,221
220,222,222,220,218,218,219,220,222,222,222,221,220,219,220,220,222,222,222,222,222,220,220,221,221,221,222,222,221,221,221,221,221,222,221,221,221,221,221,221,222,222,222,222,221,221,221,221,222,222,222,222,221,222,221,222,222,222,223,223,222,222,222,222,222
221,222,222,221,219,219,220,221,223,222,222,222,220,220,220,220,222,223,223,222,222,221,221,221,222,222,222,222,222,222,222,222,222,222,222,222,222,222,222,222,223,223,222,222,222,222,222,222,222,223,222,222,222,222,222,222,223,223,223,223,223,223,223,222,223
222,223,223,222,220,219,220,222,224,223,223,222,221,220,221,221,223,223,223,223,223,221,221,222,222,223,223,223,222,222,222,223,223,223,223,222,222,222,222,222,223,223,223,223,223,223,222,222,223,223,223,223,222,223,223,223,223,223,224,224,223,223,223,223,223
223,224,223,222,220,220,221,222,224,224,224,223,222,221,221,222,223,224,224,223,223,222,222,222,223,223,223,223,223,223,223,223,223,223,223,223,223,223,223,223,224,224,223,223,223,223,223,223,224,224,224,224,223,224,223,224,224,224,224,224,224,224,224,224,224
224,224,224,223,221,221,222,223,225,224,224,224,222,222,222,222,224,224,224,224,224,223,223,223,224,224,224,224,223,223,223,224,224,224,224,224,223,224,223,223,224,224,224,224,224,224,224,224,224,225,224,224,224,224,224,224,225,224,225,225,225,225,224,224,225
225,225,225,223,222,222,222,223,225,225,225,224,223,222,223,223,225,225,225,225,225,223,223,224,224,225,225,225,224,224,224,224,224,225,225,224,224,224,224,224,225,225,225,225,224,224,224,224,225,225,225,225,224,225,224,225,225,225,226,226,225,225,225,225,225
226,225,225,224,222,222,223,224,226,225,225,225,224,223,223,224,225,226,226,225,225,224,224,224,225,225,225,225,225,225,225,225,225,225,225,225,224,225,225,225,226,226,225,225,225,225,225,225,225,226,225,225,225,225,225,225,226,226,226,226,226,226,226,226,226
227,226,226,225,223,223,224,225,227,226,226,225,224,223,224,224,226,226,226,226,226,225,225,225,226,226,226,226,225,225,225,226,226,226,226,226,225,225,225,225,226,226,226,226,226,226,226,226,226,227,226,226,226,226,226,226,227,226,227,227,227,227,226,226,227
228,227,226,225,224,224,225,225,227,227,227,226,225,224,225,225,227,227,227,226,226,225,225,225,226,226,227,227,226,226,226,226,226,227,227,226,226,226,226,226,227,227,227,226,226,226,226,226,227,227,227,227,226,227,226,227,227,227,228,228,227,227,227,227,227
229,227,227,226,225,224,225,226,228,227,227,227,225,225,225,226,227,228,228,227,227,226,226,226,227,227,227,227,226,227,227,227,227,227,227,227,226,227,227,227,228,228,227,227,227,227,227,227,228,228,228,227,227,227,227,227,228,228,228,228,228,228,228,228,228
230,228,228,227,225,225,226,227,229,228,228,227,226,226,226,226,228,228,228,228,228,227,227,227,228,228,228,228,227,227,227,228,228,228,228,228,227,227,227,227,228,228,228,228,227,228,228,228,228,229,228,228,228,228,228,228,229,229,229,229,229,229,228,228,228
231,229,228,227,226,226,227,227,229,229,229,228,227,226,227,227,229,229,229,228,228,227,227,228,228,228,229,228,228,228,228,228,228,229,229,228,228,228,228,228,229,229,229,228,228,228,228,228,229,229,229,229,228,229,228,229,229,229,230,230,230,230,229,229,229
232,229,229,228,227,227,227,228,230,230,230,229,228,227,228,228,229,230,230,229,229,228,228,228,229,229,229,229,228,229,229,229,229,229,229,229,229,229,229,229,230,230,230,229,229,229,229,229,230,230,230,229,229,229,229,229,230,230,231,230,230,230,230,230,230
233,230,230,229,227,227,228,229,231,230,230,229,228,228,228,228,230,230,230,230,230,229,228,229,230,230,230,230,229,229,229,230,230,230,230,230,229,229,229,229,231,231,230,230,230,230,230,230,230,231,230,230,230,230,230,230,231,231,232,231,231,231,230,230,231
234,231,231,230,228,228,229,230,232,231,231,230,229,229,229,229,231,231,231,230,230,229,229,230,231,231,231,231,230,230,230,231,231,231,231,230,230,230,230,230,231,231,231,231,230,231,230,230,231,232,231,231,231,231,230,231,231,232,233,232,232,232,231,231,231
235,232,232,230,229,229,230,230,232,232,232,231,230,229,230,230,232,232,232,231,231,230,230,231,231,231,232,231,231,231,231,231,231,231,231,231,231,231,231,231,232,232,232,231,231,231,231,231,232,232,232,232,231,232,231,232,232,233,234,233,233,232,232,232,232
236,233,233,231,230,230,231,231,233,232,233,232,231,230,230,231,233,233,233,232,232,231,231,231,232,232,233,232,232,232,232,232,232,232,233,232,231,232,232,232,233,233,233,232,232,232,232,232,233,233,233,233,232,232,232,233,233,234,234,234,234,233,233,233,233
237,234,234,232,231,231,231,232,234,233,234,233,231,231,231,232,234,234,234,233,233,232,232,232,233,233,234,233,233,232,232,233,233,233,234,233,232,233,233,233,234,234,234,233,233,233,233,233,234,235,234,234,233,234,233,234,234,235,235,235,235,235,234,234,235
238,235,234,233,232,232,233,233,236,235,235,234,232,232,232,233,235,235,235,234,234,233,233,233,234,234,235,234,233,233,233,234,234,235,235,234,233,234,234,234,235,235,235,235,234,234,234,234,235,236,236,235,234,235,234,235,235,236,237,236,236,236,235,235,236
239,236,236,234,233,233,234,234,237,236,236,235,233,233,233,234,236,236,236,235,235,234,234,234,235,235,236,235,234,235,235,236,236,236,236,235,235,235,235,235,236,236,236,236,235,235,235,235,236,237,237,236,235,236,235,236,237,237,238,237,237,237,237,237,237
240,237,237,236,234,234,235,235,238,237,237,236,235,234,235,235,237,237,237,236,236,235,235,236,237,236,237,236,236,236,236,237,237,237,237,236,236,236,236,236,238,238,238,237,236,237,237,237,237,238,238,237,236,237,236,237,238,238,239,239,238,238,238,238,238
241,238,238,237,235,235,236,237,239,238,239,237,236,236,236,236,239,238,238,238,238,236,236,237,238,237,238,238,237,238,238,238,238,238,238,238,237,238,237,237,239,239,239,238,238,238,238,238,238,239,239,238,238,238,238,238,239,240,240,240,239,239,239,239,239
242,240,239,238,237,236,238,238,241,239,240,239,238,237,237,238,240,240,240,239,239,238,238,238,239,239,239,239,238,239,239,239,239,239,239,239,238,239,239,239,240,240,240,239,239,239,239,239,239,240,240,240,239,239,239,240,240,241,242,241,240,240,240,240,241
243,241,241,239,239,238,239,240,242,240,241,240,239,238,238,239,241,241,241,240,240,239,239,240,240,240,241,240,240,240,240,241,241,240,241,240,239,240,240,240,241,241,241,241,240,240,240,240,241,242,241,241,240,241,239,241,241,242,243,243,242,242,241,241,242
244,243,242,241,240,240,241,241,243,242,242,241,240,239,240,241,243,243,243,242,242,241,241,241,242,241,242,242,241,241,241,242,242,242,242,241,241,242,242,242,243,243,242,242,242,241,241,241,242,243,243,242,241,242,241,243,243,243,244,244,243,243,243,243,244
245,244,243,242,241,242,242,243,244,243,243,243,242,241,242,243,244,244,244,243,243,242,242,243,244,243,244,243,242,243,243,244,244,243,243,243,242,243,243,243,244,244,244,244,243,243,243,243,244,244,244,244,243,244,243,244,244,244,245,245,245,244,244,244,245
246,245,244,244,243,243,244,244,246,244,245,244,243,243,243,244,245,245,245,244,244,244,243,244,245,244,245,244,244,244,244,245,245,244,245,244,244,244,244,244,245,245,245,245,244,244,244,244,245,246,245,245,244,245,244,245,246,246,246,246,246,246,246,246,246
247,246,246,245,244,244,245,246,247,246,246,245,245,244,245,245,247,246,246,245,245,245,244,246,246,245,246,246,245,246,246,246,246,246,246,246,245,246,246,246,246,246,246,246,246,246,246,246,247,247,246,246,246,246,246,247,247,247,247,247,247,247,247,247,247
248,247,247,246,246,246,247,247,248,247,247,247,247,246,246,247,248,247,247,247,247,246,246,247,247,246,247,247,247,247,247,247,247,247,247,247,247,247,247,247,247,247,247,247,247,247,247,247,248,248,247,247,247,247,247,248,248,248,248,248,248,248,247,248,248
249,248,248,248,248,247,248,248,249,248,248,248,248,247,247,248,250,248,248,248,248,247,248,248,248,247,248,248,248,248,248,248,248,248,248,248,248,249,248,248,249,249,248,248,248,248,248,248,248,249,248,249,248,248,248,250,249,249,250,250,248,249,248,248,251
250,250,249,250,250,249,251,250,250,249,250,250,249,248,248,251,252,251,250,250,250,249,249,250,249,249,249,250,250,250,250,249,249,249,248,248,249,250,251,251,251,251,249,251,250,249,249,249,249,249,249,250,249,250,248,252,250,250,251,251,249,249,249,249,253
251,253,250,251,251,251,252,251,251,250,251,251,250,250,249,252,253,253,252,252,252,251,251,251,250,251,251,253,251,251,251,251,251,250,250,250,250,251,252,252,252,252,250,252,251,250,250,250,250,250,251,251,250,251,249,253,252,251,252,253,251,251,251,251,254
252,254,251,252,253,252,254,252,254,251,252,252,252,252,251,253,254,254,253,253,253,253,252,252,254,253,253,254,252,253,253,253,253,251,253,252,251,252,253,253,253,253,251,253,252,251,253,253,251,253,253,252,253,253,251,254,254,252,253,254,253,254,254,254,254
253,255,254,254,254,254,255,254,255,254,254,254,254,254,254,254,255,255,254,254,254,254,254,254,252,254,254,255,254,254,254,254,254,254,254,254,254,254,254,254,254,254,254,254,254,254,254,254,254,254,254,254,254,254,254,255,252,254,254,255,254,255,255,255,255
254,255,255,255,255,255,255,255,255,255,255,255,255,255,255,255,255,255,255,255,255,255,255,255,254,255,255,255,255,255,255,255,255,255,255,255,255,255,255,255,255,255,255,255,255,255,255,255,255,255,255,255,255,255,255,255,254,255,255,255,255,255,255,255,255
255,255,255,255,255,255,255,255,255,255,255,255,255,255,255,255,255,255,255,255,255,255,255,255,255,255,255,255,255,255,255,255,255,255,255,255,255,255,255,255,255,255,255,255,255,255,255,255,255,255,255,255,255,255,255,255,255,255,255,255,255,255,255,255,255
